<annotation>
	<folder>scaled</folder>
	<filename>Omniwheel28.jpg</filename>
	<path>D:\GroupProject\CodeV4\scaled\Omniwheel28.jpg</path>
	<source>
		<database>Unknown</database>
	</source>
	<size>
		<width>512</width>
		<height>512</height>
		<depth>3</depth>
	</size>
	<segmented>0</segmented>
	<object>
		<name>Omniwheel</name>
		<pose>Unspecified</pose>
		<truncated>0</truncated>
		<difficult>0</difficult>
		<bndbox>
			<xmin>129</xmin>
			<ymin>80</ymin>
			<xmax>409</xmax>
			<ymax>303</ymax>
		</bndbox>
	</object>
</annotation>
