<annotation>
	<folder>images</folder>
	<filename>Omniwheel126.jpg</filename>
	<path>D:\OneDrive - Malta College of Arts, Science &amp; Technology\Desktop\robot\robot\images\Omniwheel126.jpg</path>
	<source>
		<database>Unknown</database>
	</source>
	<size>
		<width>512</width>
		<height>512</height>
		<depth>3</depth>
	</size>
	<segmented>0</segmented>
	<object>
		<name>Omniwheel</name>
		<pose>Unspecified</pose>
		<truncated>0</truncated>
		<difficult>0</difficult>
		<bndbox>
			<xmin>170</xmin>
			<ymin>122</ymin>
			<xmax>314</xmax>
			<ymax>222</ymax>
		</bndbox>
	</object>
</annotation>
