<annotation>
	<folder>scaled</folder>
	<filename>Omniwheel11.jpg</filename>
	<path>D:\GroupProject\CodeV4\scaled\Omniwheel11.jpg</path>
	<source>
		<database>Unknown</database>
	</source>
	<size>
		<width>512</width>
		<height>512</height>
		<depth>3</depth>
	</size>
	<segmented>0</segmented>
	<object>
		<name>Omniwheel</name>
		<pose>Unspecified</pose>
		<truncated>0</truncated>
		<difficult>0</difficult>
		<bndbox>
			<xmin>131</xmin>
			<ymin>101</ymin>
			<xmax>381</xmax>
			<ymax>369</ymax>
		</bndbox>
	</object>
</annotation>
