<annotation>
	<folder>scaled</folder>
	<filename>Omniwheel50.jpg</filename>
	<path>D:\GroupProject\CodeV4\scaled\Omniwheel50.jpg</path>
	<source>
		<database>Unknown</database>
	</source>
	<size>
		<width>512</width>
		<height>512</height>
		<depth>3</depth>
	</size>
	<segmented>0</segmented>
	<object>
		<name>Omniwheel</name>
		<pose>Unspecified</pose>
		<truncated>0</truncated>
		<difficult>0</difficult>
		<bndbox>
			<xmin>169</xmin>
			<ymin>155</ymin>
			<xmax>390</xmax>
			<ymax>358</ymax>
		</bndbox>
	</object>
</annotation>
