<annotation>
	<folder>scaled</folder>
	<filename>Omniwheel37.jpg</filename>
	<path>D:\GroupProject\CodeV4\scaled\Omniwheel37.jpg</path>
	<source>
		<database>Unknown</database>
	</source>
	<size>
		<width>512</width>
		<height>512</height>
		<depth>3</depth>
	</size>
	<segmented>0</segmented>
	<object>
		<name>Omniwheel</name>
		<pose>Unspecified</pose>
		<truncated>0</truncated>
		<difficult>0</difficult>
		<bndbox>
			<xmin>179</xmin>
			<ymin>150</ymin>
			<xmax>332</xmax>
			<ymax>319</ymax>
		</bndbox>
	</object>
</annotation>
